aerial_battles,big_chance_created,clearance,club_name,cross,cross_accuracy,goal_conceded_per_match,goal_per_match,interceptions,pass_accuracy,pass_per_game,season,shooting_accuracy,shot_on_target,tackle_success
"1,853",38,519,Arsenal,548,22%,1.29,1.43,258,84%,507.11,2019/20,35%,109,58%
"2,489",72,762,Arsenal,605,21%,1.34,1.92,412,83%,547.50,2018/19,36%,170,60%
"2,660",81,829,Arsenal,572,21%,1.34,1.95,427,84%,619.05,2017/18,39%,234,68%
"2,762",55,838,Arsenal,697,22%,1.16,2.03,536,84%,563.00,2016/17,36%,201,70%
"2,785",88,849,Arsenal,754,25%,0.95,1.71,734,84%,559.18,2015/16,37%,211,73%
"3,242",66,"1,006",Arsenal,866,20%,0.95,1.87,762,84%,540.18,2014/15,37%,227,75%
"2,777",62,"1,207",Arsenal,753,22%,1.08,1.79,541,86%,567.39,2013/14,41%,213,74%
"2,840",70,873,Arsenal,951,19%,0.97,1.89,636,86%,555.53,2012/13,34%,205,79%
"2,336",97,766,Arsenal,896,22%,1.29,1.95,605,85%,542.45,2011/12,37%,236,74%
"2,636",99,"1,077",Arsenal,928,19%,1.13,1.89,709,84%,530.26,2010/11,36%,238,74%
"2,900",0,"1,091",Arsenal,"1,023",18%,1.08,2.18,839,81%,507.66,2009/10,35%,233,75%
"2,709",0,"1,280",Arsenal,"1,069",21%,0.97,1.79,872,83%,499.76,2008/09,33%,220,75%
"2,527",0,"1,840",Arsenal,888,24%,0.82,1.95,505,83%,495.55,2007/08,33%,208,75%
"2,414",0,"1,202",Arsenal,873,21%,0.92,1.66,214,81%,485.74,2006/07,35%,226,74%
0,0,0,Arsenal,0,0%,0.82,1.79,0,0%,0.00,2005/06,0%,0,0%
0,0,0,Arsenal,0,0%,0.95,2.29,0,0%,0.00,2004/05,0%,0,0%
0,0,0,Arsenal,0,0%,0.68,1.92,0,0%,0.00,2003/04,0%,0,0%
0,0,0,Arsenal,0,0%,1.11,2.24,0,0%,0.00,2002/03,0%,0,0%
101,0,28,Arsenal,17,12%,0.95,2.08,19,75%,8.24,2001/02,44%,4,77%
0,0,0,Arsenal,0,0%,1.00,1.66,0,0%,0.00,2000/01,0%,0,0%
0,0,0,Arsenal,0,0%,1.13,1.92,0,0%,0.00,1999/00,0%,0,0%
0,0,0,Arsenal,0,0%,0.45,1.55,0,0%,0.00,1998/99,0%,0,0%
0,0,0,Arsenal,0,0%,0.87,1.79,0,0%,0.00,1997/98,0%,0,0%
0,0,0,Arsenal,0,0%,0.84,1.63,0,0%,0.00,1996/97,0%,0,0%
0,0,0,Arsenal,0,0%,0.84,1.29,0,0%,0.00,1995/96,0%,0,0%
0,0,0,Arsenal,0,0%,1.17,1.24,0,0%,0.00,1994/95,0%,0,0%
0,0,0,Arsenal,0,0%,0.67,1.26,0,0%,0.00,1993/94,0%,0,0%
0,0,0,Arsenal,0,0%,0.90,0.95,0,0%,0.00,1992/93,0%,0,0%
"2,119",33,654,Aston Villa,590,21%,1.93,1.17,306,78%,366.41,2019/20,34%,115,57%
"2,956",25,973,Aston Villa,796,22%,2.00,0.71,768,78%,402.84,2015/16,29%,110,77%
"2,728",29,"1,130",Aston Villa,766,22%,1.50,0.82,487,79%,434.92,2014/15,30%,125,75%
"2,762",36,"1,068",Aston Villa,749,22%,1.61,1.03,460,74%,364.63,2013/14,31%,135,79%
"2,779",43,"1,520",Aston Villa,676,26%,1.82,1.24,769,78%,375.05,2012/13,32%,141,74%
"2,375",51,"1,301",Aston Villa,834,25%,1.39,0.97,740,73%,346.26,2011/12,32%,138,76%
"2,775",58,"1,116",Aston Villa,973,24%,1.55,1.26,667,74%,384.50,2010/11,33%,165,70%
"2,928",0,"1,531",Aston Villa,"1,031",26%,1.03,1.37,690,72%,345.45,2009/10,32%,158,77%
"2,735",0,"1,764",Aston Villa,"1,119",20%,1.26,1.42,710,71%,326.82,2008/09,34%,159,75%
"2,612",0,"2,220",Aston Villa,932,26%,1.34,1.87,461,70%,301.00,2007/08,36%,182,80%
"2,368",0,"1,212",Aston Villa,886,24%,1.08,1.13,221,70%,348.79,2006/07,33%,154,78%
0,0,0,Aston Villa,0,0%,1.45,1.11,0,0%,0.00,2005/06,0%,0,0%
0,0,0,Aston Villa,0,0%,1.37,1.18,0,0%,0.00,2004/05,0%,0,0%
0,0,0,Aston Villa,0,0%,1.16,1.26,0,0%,0.00,2003/04,0%,0,0%
0,0,0,Aston Villa,0,0%,1.24,1.11,0,0%,0.00,2002/03,0%,0,0%
0,0,0,Aston Villa,0,0%,1.24,1.21,0,0%,0.00,2001/02,0%,0,0%
0,0,0,Aston Villa,0,0%,1.13,1.21,0,0%,0.00,2000/01,0%,0,0%
0,0,0,Aston Villa,0,0%,0.92,1.21,0,0%,0.00,1999/00,0%,0,0%
0,0,0,Aston Villa,0,0%,1.21,1.34,0,0%,0.00,1998/99,0%,0,0%
0,0,0,Aston Villa,0,0%,1.26,1.29,0,0%,0.00,1997/98,0%,0,0%
0,0,0,Aston Villa,0,0%,0.89,1.24,0,0%,0.00,1996/97,0%,0,0%
0,0,0,Aston Villa,0,0%,0.92,1.37,0,0%,0.00,1995/96,0%,0,0%
0,0,0,Aston Villa,0,0%,1.33,1.21,0,0%,0.00,1994/95,0%,0,0%
0,0,0,Aston Villa,0,0%,1.19,1.10,0,0%,0.00,1993/94,0%,0,0%
0,0,0,Aston Villa,0,0%,0.95,1.36,0,0%,0.00,1992/93,0%,0,0%
"2,129",37,800,AFC Bournemouth,478,19%,1.62,1.00,384,76%,397.83,2019/20,33%,98,58%
"2,676",77,"1,019",AFC Bournemouth,613,27%,1.84,1.47,371,78%,419.55,2018/19,37%,163,57%
"2,681",36,"1,037",AFC Bournemouth,707,23%,1.61,1.18,367,77%,424.50,2017/18,34%,158,64%
"2,589",42,"1,092",AFC Bournemouth,628,19%,1.76,1.45,460,81%,451.37,2016/17,35%,160,74%
"2,664",30,951,AFC Bournemouth,749,22%,1.76,1.18,640,80%,454.47,2015/16,31%,143,73%
"2,146",39,501,Brighton and Hove Albion,537,23%,1.38,1.10,322,82%,513.90,2019/20,32%,121,58%
"2,914",34,921,Brighton and Hove Albion,636,29%,1.58,0.92,463,75%,371.29,2018/19,29%,108,58%
"2,784",39,"1,085",Brighton and Hove Albion,680,21%,1.42,0.89,449,75%,386.18,2017/18,31%,119,63%
"2,372",43,601,Burnley,577,25%,1.38,1.17,298,68%,325.66,2019/20,35%,104,63%
"3,209",49,"1,080",Burnley,693,24%,1.79,1.18,365,70%,342.39,2018/19,32%,116,54%
"3,041",33,"1,184",Burnley,707,26%,1.03,0.95,401,71%,357.16,2017/18,34%,128,67%
"3,003",23,"1,233",Burnley,650,27%,1.45,1.03,539,68%,330.47,2016/17,31%,120,71%
"3,105",30,"1,458",Burnley,783,23%,1.39,0.74,568,70%,358.74,2014/15,29%,125,73%
"2,541",0,"1,552",Burnley,825,20%,2.16,1.11,661,70%,357.66,2009/10,33%,153,76%
"2,265",55,458,Chelsea,646,24%,1.34,1.76,363,85%,602.00,2019/20,35%,169,56%
"2,548",81,593,Chelsea,692,19%,1.03,1.66,351,88%,659.74,2018/19,33%,198,59%
"2,771",60,768,Chelsea,755,21%,1.00,1.63,423,84%,559.58,2017/18,36%,220,67%
"2,682",48,839,Chelsea,688,19%,0.87,2.24,510,84%,529.61,2016/17,35%,204,71%
"2,793",47,790,Chelsea,732,19%,1.39,1.55,518,82%,517.47,2015/16,33%,173,76%
"3,075",66,"1,027",Chelsea,682,22%,0.84,1.92,376,83%,533.37,2014/15,37%,210,81%
"3,055",50,"1,141",Chelsea,809,25%,0.71,1.87,380,83%,480.68,2013/14,33%,229,77%
"2,469",56,981,Chelsea,863,20%,1.03,1.97,504,83%,485.05,2012/13,34%,212,76%
"2,034",50,881,Chelsea,972,24%,1.21,1.71,637,85%,493.84,2011/12,33%,224,78%
"2,551",86,762,Chelsea,995,25%,0.87,1.82,616,84%,506.21,2010/11,33%,244,74%
"2,448",0,"1,055",Chelsea,"1,083",26%,0.84,2.71,705,83%,496.11,2009/10,35%,288,73%
"2,473",0,"1,069",Chelsea,938,25%,0.63,1.79,504,84%,524.29,2008/09,31%,248,75%
"2,586",0,"1,687",Chelsea,945,21%,0.68,1.71,506,81%,454.00,2007/08,33%,199,76%
"2,429",0,"1,206",Chelsea,897,25%,0.63,1.68,292,80%,441.29,2006/07,34%,216,78%
0,0,0,Chelsea,0,0%,0.58,1.89,0,0%,0.00,2005/06,0%,0,0%
0,0,0,Chelsea,0,0%,0.39,1.89,0,0%,0.00,2004/05,0%,0,0%
0,0,0,Chelsea,0,0%,0.79,1.76,0,0%,0.00,2003/04,0%,0,0%
0,0,0,Chelsea,0,0%,1.00,1.79,0,0%,0.00,2002/03,0%,0,0%
0,0,0,Chelsea,0,0%,1.00,1.74,0,0%,0.00,2001/02,0%,0,0%
0,0,0,Chelsea,0,0%,1.18,1.79,0,0%,0.00,2000/01,0%,0,0%
0,0,0,Chelsea,0,0%,0.89,1.39,0,0%,0.00,1999/00,0%,0,0%
0,0,0,Chelsea,0,0%,0.79,1.50,0,0%,0.00,1998/99,0%,0,0%
0,0,0,Chelsea,0,0%,1.13,1.87,0,0%,0.00,1997/98,0%,0,0%
0,0,0,Chelsea,0,0%,1.45,1.53,0,0%,0.00,1996/97,0%,0,0%
0,0,0,Chelsea,0,0%,1.16,1.21,0,0%,0.00,1995/96,0%,0,0%
0,0,0,Chelsea,0,0%,1.31,1.19,0,0%,0.00,1994/95,0%,0,0%
0,0,0,Chelsea,0,0%,1.26,1.17,0,0%,0.00,1993/94,0%,0,0%
0,0,0,Chelsea,0,0%,1.29,1.21,0,0%,0.00,1992/93,0%,0,0%
"2,451",26,647,Crystal Palace,439,23%,1.10,0.90,340,76%,381.31,2019/20,33%,94,59%
"2,868",40,940,Crystal Palace,577,24%,1.39,1.34,446,77%,401.13,2018/19,30%,148,61%
"3,090",53,"1,022",Crystal Palace,703,24%,1.45,1.18,552,75%,378.21,2017/18,32%,151,65%
"3,207",41,"1,022",Crystal Palace,872,26%,1.66,1.32,553,73%,356.37,2016/17,31%,138,72%
"2,799",44,963,Crystal Palace,969,23%,1.34,1.03,698,74%,362.76,2015/16,33%,153,77%
"3,350",34,"1,270",Crystal Palace,834,21%,1.34,1.24,600,69%,317.66,2014/15,32%,139,78%
"3,237",29,"1,409",Crystal Palace,706,22%,1.26,0.87,695,71%,310.45,2013/14,35%,143,76%
0,0,0,Crystal Palace,0,0%,1.63,1.08,0,0%,0.00,2004/05,0%,0,0%
0,0,0,Crystal Palace,0,0%,1.87,0.97,0,0%,0.00,1997/98,0%,0,0%
0,0,0,Crystal Palace,0,0%,1.17,0.81,0,0%,0.00,1994/95,0%,0,0%
0,0,0,Crystal Palace,0,0%,1.45,1.14,0,0%,0.00,1992/93,0%,0,0%
"2,433",52,516,Everton,670,24%,1.59,1.28,312,77%,412.03,2019/20,35%,135,60%
"3,211",52,825,Everton,814,25%,1.21,1.42,456,77%,434.05,2018/19,34%,169,63%
"2,806",41,"1,229",Everton,629,25%,1.53,1.16,514,74%,388.13,2017/18,34%,121,69%
"2,846",52,"1,118",Everton,767,22%,1.16,1.63,461,79%,462.79,2016/17,38%,191,74%
"2,549",62,994,Everton,782,21%,1.45,1.55,511,81%,472.29,2015/16,36%,175,74%
"2,611",45,"1,280",Everton,690,19%,1.32,1.26,444,82%,494.97,2014/15,34%,166,80%
"2,733",40,"1,103",Everton,848,22%,1.03,1.61,463,84%,481.61,2013/14,35%,196,77%
"2,834",73,"1,172",Everton,989,24%,1.05,1.45,592,79%,416.55,2012/13,33%,207,75%
"2,095",48,"1,130",Everton,877,24%,1.05,1.32,617,77%,396.39,2011/12,32%,164,78%
"2,657",58,"1,265",Everton,"1,019",26%,1.18,1.34,470,76%,378.18,2010/11,31%,181,73%
"2,767",0,"1,601",Everton,"1,022",23%,1.29,1.58,827,76%,390.32,2009/10,33%,194,74%
"2,442",0,"1,602",Everton,"1,022",24%,0.97,1.45,660,75%,395.37,2008/09,34%,169,78%
"2,310",0,"2,136",Everton,877,23%,0.87,1.45,496,69%,326.24,2007/08,36%,169,77%
"2,384",0,"1,386",Everton,867,22%,0.95,1.37,303,65%,323.00,2006/07,33%,153,78%
0,0,0,Everton,0,0%,1.29,0.89,0,0%,0.00,2005/06,0%,0,0%
0,0,0,Everton,0,0%,1.21,1.18,0,0%,0.00,2004/05,0%,0,0%
0,0,0,Everton,0,0%,1.50,1.18,0,0%,0.00,2003/04,0%,0,0%
0,0,0,Everton,0,0%,1.29,1.26,0,0%,0.00,2002/03,0%,0,0%
0,0,0,Everton,0,0%,1.50,1.18,0,0%,0.00,2001/02,0%,0,0%
0,0,0,Everton,0,0%,1.55,1.18,0,0%,0.00,2000/01,0%,0,0%
0,0,0,Everton,0,0%,1.29,1.55,0,0%,0.00,1999/00,0%,0,0%
0,0,0,Everton,0,0%,1.24,1.11,0,0%,0.00,1998/99,0%,0,0%
0,0,0,Everton,0,0%,1.47,1.08,0,0%,0.00,1997/98,0%,0,0%
0,0,0,Everton,0,0%,1.50,1.16,0,0%,0.00,1996/97,0%,0,0%
0,0,0,Everton,0,0%,1.16,1.68,0,0%,0.00,1995/96,0%,0,0%
0,0,0,Everton,0,0%,1.21,1.05,0,0%,0.00,1994/95,0%,0,0%
0,0,0,Everton,0,0%,1.50,1.00,0,0%,0.00,1993/94,0%,0,0%
0,0,0,Everton,0,0%,1.31,1.26,0,0%,0.00,1992/93,0%,0,0%
"2,183",56,550,Leicester City,572,20%,1.03,2.00,330,82%,516.31,2019/20,38%,154,58%
"3,074",59,945,Leicester City,779,21%,1.26,1.34,436,79%,453.13,2018/19,36%,184,58%
"2,992",47,920,Leicester City,744,19%,1.58,1.47,413,75%,400.00,2017/18,35%,149,66%
"2,827",43,"1,025",Leicester City,731,19%,1.66,1.26,538,70%,359.76,2016/17,33%,145,72%
"3,069",76,"1,040",Leicester City,762,23%,0.95,1.79,819,71%,351.84,2015/16,34%,179,76%
"3,248",46,"1,177",Leicester City,912,22%,1.45,1.21,750,71%,351.13,2014/15,30%,137,77%
0,0,0,Leicester City,0,0%,1.71,1.26,0,0%,0.00,2003/04,0%,0,0%
0,0,0,Leicester City,0,0%,1.68,0.79,0,0%,0.00,2001/02,0%,0,0%
0,0,0,Leicester City,0,0%,1.34,1.03,0,0%,0.00,2000/01,0%,0,0%
0,0,0,Leicester City,0,0%,1.45,1.45,0,0%,0.00,1999/00,0%,0,0%
0,0,0,Leicester City,0,0%,1.21,1.05,0,0%,0.00,1998/99,0%,0,0%
0,0,0,Leicester City,0,0%,1.08,1.34,0,0%,0.00,1997/98,0%,0,0%
0,0,0,Leicester City,0,0%,1.42,1.21,0,0%,0.00,1996/97,0%,0,0%
0,0,0,Leicester City,0,0%,1.90,1.07,0,0%,0.00,1994/95,0%,0,0%
"1,982",71,497,Liverpool,687,20%,0.72,2.28,267,84%,622.17,2019/20,39%,176,60%
"2,518",78,639,Liverpool,721,24%,0.56,2.28,314,84%,606.10,2018/19,39%,226,61%
"2,565",78,736,Liverpool,764,22%,1.00,2.21,379,84%,604.26,2017/18,37%,233,71%
"2,810",52,877,Liverpool,812,22%,1.11,2.05,410,82%,586.58,2016/17,37%,236,71%
"2,891",56,871,Liverpool,780,23%,1.32,1.66,549,80%,519.29,2015/16,32%,202,78%
"2,817",38,"1,175",Liverpool,638,23%,1.26,1.37,442,83%,509.84,2014/15,33%,192,77%
"2,858",88,"1,339",Liverpool,643,21%,1.32,2.66,465,84%,515.76,2013/14,40%,258,76%
"2,495",77,914,Liverpool,794,19%,1.13,1.87,526,84%,521.37,2012/13,31%,232,78%
"2,378",60,720,Liverpool,"1,103",22%,1.05,1.24,505,81%,494.66,2011/12,31%,207,74%
"2,692",51,"1,073",Liverpool,824,20%,1.16,1.55,592,77%,440.37,2010/11,35%,205,69%
"2,744",0,"1,094",Liverpool,"1,017",20%,0.92,1.61,763,79%,488.95,2009/10,29%,189,74%
"2,541",0,"1,279",Liverpool,"1,021",24%,0.71,2.03,657,81%,513.29,2008/09,30%,224,75%
"2,718",0,"1,952",Liverpool,932,26%,0.74,1.76,614,77%,430.53,2007/08,31%,214,74%
"2,404",0,"1,115",Liverpool,"1,107",25%,0.71,1.50,246,76%,451.42,2006/07,32%,214,79%
0,0,0,Liverpool,0,0%,0.66,1.50,0,0%,0.00,2005/06,0%,0,0%
0,0,0,Liverpool,0,0%,1.08,1.37,0,0%,0.00,2004/05,0%,0,0%
0,0,0,Liverpool,0,0%,0.97,1.45,0,0%,0.00,2003/04,0%,0,0%
0,0,0,Liverpool,0,0%,1.08,1.61,0,0%,0.00,2002/03,0%,0,0%
0,0,0,Liverpool,0,0%,0.79,1.76,0,0%,0.00,2001/02,0%,0,0%
0,0,0,Liverpool,0,0%,1.03,1.87,0,0%,0.00,2000/01,0%,0,0%
0,0,0,Liverpool,0,0%,0.79,1.34,0,0%,0.00,1999/00,0%,0,0%
0,0,0,Liverpool,0,0%,1.29,1.79,0,0%,0.00,1998/99,0%,0,0%
0,0,0,Liverpool,0,0%,1.11,1.79,0,0%,0.00,1997/98,0%,0,0%
0,0,0,Liverpool,0,0%,0.97,1.63,0,0%,0.00,1996/97,0%,0,0%
0,0,0,Liverpool,0,0%,0.89,1.84,0,0%,0.00,1995/96,0%,0,0%
0,0,0,Liverpool,0,0%,0.88,1.55,0,0%,0.00,1994/95,0%,0,0%
0,0,0,Liverpool,0,0%,1.31,1.40,0,0%,0.00,1993/94,0%,0,0%
0,0,0,Liverpool,0,0%,1.31,1.48,0,0%,0.00,1992/93,0%,0,0%
"1,747",79,362,Manchester City,719,22%,1.11,2.43,263,89%,675.89,2019/20,35%,192,58%
"2,344",101,543,Manchester City,783,20%,0.61,2.50,362,89%,699.50,2018/19,38%,260,63%
"2,460",95,588,Manchester City,691,21%,0.71,2.79,346,89%,743.18,2017/18,40%,265,68%
"2,730",77,905,Manchester City,801,24%,1.03,2.11,504,86%,597.53,2016/17,34%,216,71%
"2,751",55,940,Manchester City,866,24%,1.08,1.87,630,83%,539.16,2015/16,34%,210,73%
"2,681",66,872,Manchester City,795,23%,1.00,2.18,569,85%,581.76,2014/15,34%,229,75%
"2,562",86,938,Manchester City,892,25%,0.97,2.68,496,86%,546.34,2013/14,35%,238,77%
"2,533",84,"1,068",Manchester City,860,24%,0.89,1.74,492,85%,527.92,2012/13,35%,231,80%
"2,080",86,930,Manchester City,843,22%,0.76,2.45,631,86%,549.03,2011/12,34%,250,74%
"2,519",52,"1,206",Manchester City,762,20%,0.87,1.58,629,82%,467.58,2010/11,32%,177,75%
"2,544",0,"1,269",Manchester City,809,19%,1.18,1.92,805,77%,429.55,2009/10,37%,195,76%
"2,552",0,"1,496",Manchester City,690,23%,1.32,1.53,740,78%,420.29,2008/09,35%,201,73%
"2,203",0,"1,852",Manchester City,695,21%,1.39,1.18,482,76%,398.66,2007/08,34%,143,78%
"2,521",0,"1,213",Manchester City,811,25%,1.16,0.76,234,67%,335.92,2006/07,32%,147,78%
0,0,0,Manchester City,0,0%,1.26,1.13,0,0%,0.00,2005/06,0%,0,0%
0,0,0,Manchester City,0,0%,1.03,1.24,0,0%,0.00,2004/05,0%,0,0%
0,0,0,Manchester City,0,0%,1.42,1.45,0,0%,0.00,2003/04,0%,0,0%
0,0,0,Manchester City,0,0%,1.42,1.24,0,0%,0.00,2002/03,0%,0,0%
0,0,0,Manchester City,0,0%,1.71,1.08,0,0%,0.00,2000/01,0%,0,0%
0,0,0,Manchester City,0,0%,1.53,0.87,0,0%,0.00,1995/96,0%,0,0%
0,0,0,Manchester City,0,0%,1.52,1.26,0,0%,0.00,1994/95,0%,0,0%
0,0,0,Manchester City,0,0%,1.17,0.90,0,0%,0.00,1993/94,0%,0,0%
0,0,0,Manchester City,0,0%,1.21,1.33,0,0%,0.00,1992/93,0%,0,0%
"2,018",38,509,Manchester United,508,19%,1.03,1.52,286,82%,503.31,2019/20,39%,166,57%
"2,683",65,785,Manchester United,638,20%,1.38,1.67,355,82%,492.36,2018/19,43%,225,60%
"2,699",60,853,Manchester United,753,20%,0.74,1.79,481,84%,528.00,2017/18,35%,178,65%
"2,766",62,"1,112",Manchester United,848,24%,0.76,1.42,584,84%,532.76,2016/17,36%,210,71%
"2,482",44,755,Manchester United,786,19%,0.92,1.29,594,82%,528.16,2015/16,33%,144,76%
"2,689",54,"1,118",Manchester United,908,22%,0.97,1.63,679,85%,560.82,2014/15,35%,180,74%
"2,597",53,"1,382",Manchester United,"1,000",21%,1.13,1.68,595,84%,497.21,2013/14,35%,183,75%
"2,477",89,"1,319",Manchester United,962,22%,1.13,2.26,514,86%,518.32,2012/13,38%,213,77%
"2,151",85,"1,165",Manchester United,"1,018",22%,0.87,2.34,574,85%,531.39,2011/12,38%,243,75%
"2,353",71,"1,053",Manchester United,"1,005",24%,0.97,2.05,646,81%,496.58,2010/11,34%,212,76%
"2,608",0,983,Manchester United,"1,156",25%,0.74,2.26,602,80%,508.37,2009/10,32%,221,76%
"2,403",0,"1,322",Manchester United,"1,039",23%,0.63,1.79,640,83%,510.95,2008/09,32%,230,69%
"2,578",0,"2,022",Manchester United,936,25%,0.58,2.11,446,81%,458.47,2007/08,37%,260,76%
"2,303",0,"1,222",Manchester United,918,25%,0.71,2.18,254,80%,492.71,2006/07,37%,256,76%
0,0,0,Manchester United,0,0%,0.89,1.89,0,0%,0.00,2005/06,0%,0,0%
0,0,0,Manchester United,0,0%,0.68,1.53,0,0%,0.00,2004/05,0%,0,0%
0,0,0,Manchester United,0,0%,0.92,1.68,0,0%,0.00,2003/04,0%,0,0%
0,0,0,Manchester United,0,0%,0.89,1.95,0,0%,0.00,2002/03,0%,0,0%
100,0,14,Manchester United,22,18%,1.18,2.29,6,79%,13.58,2001/02,22%,2,60%
0,0,0,Manchester United,0,0%,0.82,2.08,0,0%,0.00,2000/01,0%,0,0%
0,0,0,Manchester United,0,0%,1.18,2.55,0,0%,0.00,1999/00,0%,0,0%
0,0,0,Manchester United,0,0%,0.97,2.11,0,0%,0.00,1998/99,0%,0,0%
0,0,0,Manchester United,0,0%,0.68,1.92,0,0%,0.00,1997/98,0%,0,0%
0,0,0,Manchester United,0,0%,1.16,2.00,0,0%,0.00,1996/97,0%,0,0%
0,0,0,Manchester United,0,0%,0.92,1.92,0,0%,0.00,1995/96,0%,0,0%
0,0,0,Manchester United,0,0%,0.67,1.83,0,0%,0.00,1994/95,0%,0,0%
0,0,0,Manchester United,0,0%,0.90,1.90,0,0%,0.00,1993/94,0%,0,0%
0,0,0,Manchester United,0,0%,0.74,1.60,0,0%,0.00,1992/93,0%,0,0%
"2,258",29,767,Newcastle United,461,22%,1.41,0.86,316,74%,328.90,2019/20,32%,97,57%
"2,875",39,"1,120",Newcastle United,711,24%,1.26,1.11,506,73%,355.00,2018/19,32%,142,61%
"3,104",48,"1,125",Newcastle United,616,22%,1.24,1.03,441,72%,369.16,2017/18,33%,149,66%
"2,565",35,939,Newcastle United,775,23%,1.71,1.16,646,77%,397.84,2015/16,38%,151,77%
"3,033",38,"1,020",Newcastle United,864,19%,1.66,1.05,639,77%,395.24,2014/15,31%,143,77%
"3,008",48,"1,110",Newcastle United,787,21%,1.55,1.13,601,80%,423.34,2013/14,31%,182,74%
"2,856",45,"1,584",Newcastle United,941,23%,1.79,1.18,478,80%,384.21,2012/13,33%,174,73%
"2,245",35,987,Newcastle United,730,23%,1.34,1.47,621,77%,385.21,2011/12,31%,154,74%
"2,664",68,"1,025",Newcastle United,"1,022",24%,1.50,1.47,608,76%,373.79,2010/11,33%,168,75%
"2,455",0,"1,278",Newcastle United,895,21%,1.55,1.05,591,74%,372.95,2008/09,28%,125,77%
"2,367",0,"1,823",Newcastle United,966,20%,1.71,1.18,553,73%,367.03,2007/08,32%,153,76%
"2,415",0,"1,004",Newcastle United,793,21%,1.24,1.00,361,72%,384.95,2006/07,31%,140,78%
0,0,0,Newcastle United,0,0%,1.11,1.24,0,0%,0.00,2005/06,0%,0,0%
0,0,0,Newcastle United,0,0%,1.50,1.24,0,0%,0.00,2004/05,0%,0,0%
0,0,0,Newcastle United,0,0%,1.05,1.37,0,0%,0.00,2003/04,0%,0,0%
0,0,0,Newcastle United,0,0%,1.26,1.66,0,0%,0.00,2002/03,0%,0,0%
0,0,0,Newcastle United,0,0%,1.37,1.95,0,0%,0.00,2001/02,0%,0,0%
0,0,0,Newcastle United,0,0%,1.32,1.16,0,0%,0.00,2000/01,0%,0,0%
0,0,0,Newcastle United,0,0%,1.42,1.66,0,0%,0.00,1999/00,0%,0,0%
0,0,0,Newcastle United,0,0%,1.42,1.26,0,0%,0.00,1998/99,0%,0,0%
0,0,0,Newcastle United,0,0%,1.16,0.92,0,0%,0.00,1997/98,0%,0,0%
0,0,0,Newcastle United,0,0%,1.05,1.92,0,0%,0.00,1996/97,0%,0,0%
0,0,0,Newcastle United,0,0%,0.97,1.74,0,0%,0.00,1995/96,0%,0,0%
0,0,0,Newcastle United,0,0%,1.12,1.60,0,0%,0.00,1994/95,0%,0,0%
0,0,0,Newcastle United,0,0%,0.98,1.95,0,0%,0.00,1993/94,0%,0,0%
"1,999",29,698,Norwich City,371,22%,1.79,0.86,315,81%,463.24,2019/20,34%,115,62%
"2,545",33,"1,212",Norwich City,818,22%,1.76,1.03,473,74%,381.13,2015/16,31%,129,74%
"2,479",31,"1,071",Norwich City,818,23%,1.63,0.74,529,77%,388.47,2013/14,32%,148,74%
"2,559",50,"1,146",Norwich City,837,24%,1.53,1.08,540,74%,353.42,2012/13,32%,134,75%
"1,938",39,"1,451",Norwich City,863,27%,1.74,1.37,468,76%,399.08,2011/12,32%,164,71%
0,0,0,Norwich City,0,0%,2.03,1.11,0,0%,0.00,2004/05,0%,0,0%
0,0,0,Norwich City,0,0%,1.29,0.88,0,0%,0.00,1994/95,0%,0,0%
0,0,0,Norwich City,0,0%,1.45,1.55,0,0%,0.00,1993/94,0%,0,0%
0,0,0,Norwich City,0,0%,1.55,1.45,0,0%,0.00,1992/93,0%,0,0%
"2,334",50,666,Sheffield United,659,23%,0.89,1.07,322,74%,395.61,2019/20,32%,92,62%
"2,357",0,"1,217",Sheffield United,800,24%,1.45,0.84,203,62%,292.71,2006/07,30%,147,77%
0,0,0,Sheffield United,0,0%,1.43,1.00,0,0%,0.00,1993/94,0%,0,0%
0,0,0,Sheffield United,0,0%,1.26,1.29,0,0%,0.00,1992/93,0%,0,0%
"2,400",36,623,Southampton,537,24%,1.79,1.21,307,72%,394.03,2019/20,35%,131,57%
"2,863",48,"1,068",Southampton,664,24%,1.71,1.18,548,74%,376.24,2018/19,34%,162,61%
"2,803",46,953,Southampton,800,22%,1.47,0.97,462,77%,451.95,2017/18,32%,145,69%
"2,685",35,914,Southampton,947,22%,1.26,1.08,514,80%,480.13,2016/17,33%,179,72%
"2,792",61,"1,101",Southampton,956,24%,1.08,1.55,709,78%,418.76,2015/16,32%,166,75%
"2,736",50,875,Southampton,952,22%,0.87,1.42,619,80%,478.53,2014/15,33%,169,79%
"2,815",53,"1,201",Southampton,877,26%,1.21,1.42,528,81%,515.18,2013/14,34%,179,79%
"2,665",45,"1,275",Southampton,917,23%,1.58,1.29,779,78%,442.37,2012/13,32%,167,77%
0,0,0,Southampton,0,0%,1.74,1.18,0,0%,0.00,2004/05,0%,0,0%
0,0,0,Southampton,0,0%,1.18,1.16,0,0%,0.00,2003/04,0%,0,0%
0,0,0,Southampton,0,0%,1.21,1.13,0,0%,0.00,2002/03,0%,0,0%
0,0,0,Southampton,0,0%,1.42,1.21,0,0%,0.00,2001/02,0%,0,0%
0,0,0,Southampton,0,0%,1.26,1.05,0,0%,0.00,2000/01,0%,0,0%
0,0,0,Southampton,0,0%,1.63,1.18,0,0%,0.00,1999/00,0%,0,0%
0,0,0,Southampton,0,0%,1.68,0.97,0,0%,0.00,1998/99,0%,0,0%
0,0,0,Southampton,0,0%,1.45,1.32,0,0%,0.00,1997/98,0%,0,0%
0,0,0,Southampton,0,0%,1.47,1.32,0,0%,0.00,1996/97,0%,0,0%
0,0,0,Southampton,0,0%,1.37,0.89,0,0%,0.00,1995/96,0%,0,0%
0,0,0,Southampton,0,0%,1.50,1.45,0,0%,0.00,1994/95,0%,0,0%
0,0,0,Southampton,0,0%,1.57,1.17,0,0%,0.00,1993/94,0%,0,0%
0,0,0,Southampton,0,0%,1.45,1.29,0,0%,0.00,1992/93,0%,0,0%
"2,188",40,641,Tottenham Hotspur,491,18%,1.38,1.62,288,81%,497.41,2019/20,37%,130,62%
"2,566",64,770,Tottenham Hotspur,643,26%,1.03,1.76,326,83%,560.39,2018/19,35%,189,60%
"2,673",76,825,Tottenham Hotspur,825,20%,0.95,1.95,380,84%,570.00,2017/18,35%,216,65%
"2,696",53,"1,003",Tottenham Hotspur,761,20%,0.68,2.26,314,82%,530.26,2016/17,38%,257,75%
"2,619",64,"1,046",Tottenham Hotspur,738,21%,0.92,1.82,645,80%,490.76,2015/16,38%,252,77%
"2,809",51,"1,047",Tottenham Hotspur,742,20%,1.39,1.53,674,81%,508.47,2014/15,32%,171,80%
"2,671",68,974,Tottenham Hotspur,849,20%,1.34,1.45,560,82%,471.92,2013/14,33%,192,79%
"2,551",50,"1,595",Tottenham Hotspur,884,21%,1.21,1.74,721,83%,438.08,2012/13,35%,241,76%
"2,286",71,"1,045",Tottenham Hotspur,846,25%,1.08,1.74,716,85%,514.84,2011/12,33%,230,74%
"2,860",44,"1,363",Tottenham Hotspur,954,23%,1.21,1.45,661,80%,441.87,2010/11,29%,191,73%
"3,072",0,"1,360",Tottenham Hotspur,912,25%,1.08,1.76,804,77%,407.21,2009/10,33%,226,75%
"2,588",0,"1,511",Tottenham Hotspur,"1,005",21%,1.18,1.18,743,78%,413.76,2008/09,33%,177,75%
"2,584",0,"2,043",Tottenham Hotspur,994,22%,1.61,1.74,534,77%,407.00,2007/08,35%,195,75%
"2,455",0,"1,412",Tottenham Hotspur,796,24%,1.42,1.50,276,74%,392.47,2006/07,35%,184,77%
0,0,0,Tottenham Hotspur,0,0%,1.00,1.39,0,0%,0.00,2005/06,0%,0,0%
0,0,0,Tottenham Hotspur,0,0%,1.08,1.24,0,0%,0.00,2004/05,0%,0,0%
0,0,0,Tottenham Hotspur,0,0%,1.50,1.24,0,0%,0.00,2003/04,0%,0,0%
0,0,0,Tottenham Hotspur,0,0%,1.63,1.34,0,0%,0.00,2002/03,0%,0,0%
0,0,0,Tottenham Hotspur,0,0%,1.39,1.29,0,0%,0.00,2001/02,0%,0,0%
0,0,0,Tottenham Hotspur,0,0%,1.42,1.24,0,0%,0.00,2000/01,0%,0,0%
0,0,0,Tottenham Hotspur,0,0%,1.29,1.50,0,0%,0.00,1999/00,0%,0,0%
0,0,0,Tottenham Hotspur,0,0%,1.32,1.24,0,0%,0.00,1998/99,0%,0,0%
0,0,0,Tottenham Hotspur,0,0%,1.47,1.16,0,0%,0.00,1997/98,0%,0,0%
0,0,0,Tottenham Hotspur,0,0%,1.34,1.16,0,0%,0.00,1996/97,0%,0,0%
0,0,0,Tottenham Hotspur,0,0%,1.00,1.32,0,0%,0.00,1995/96,0%,0,0%
0,0,0,Tottenham Hotspur,0,0%,1.38,1.57,0,0%,0.00,1994/95,0%,0,0%
0,0,0,Tottenham Hotspur,0,0%,1.40,1.29,0,0%,0.00,1993/94,0%,0,0%
0,0,0,Tottenham Hotspur,0,0%,1.57,1.43,0,0%,0.00,1992/93,0%,0,0%
"2,219",33,693,Watford,493,22%,1.47,0.90,334,74%,367.60,2019/20,28%,93,55%
"2,855",63,956,Watford,570,18%,1.55,1.37,426,76%,406.89,2018/19,35%,152,60%
"3,082",41,953,Watford,713,22%,1.68,1.16,467,76%,411.95,2017/18,30%,132,65%
"2,800",28,"1,016",Watford,686,24%,1.79,1.05,512,74%,369.71,2016/17,34%,143,72%
"2,820",34,931,Watford,704,21%,1.32,1.05,764,73%,382.37,2015/16,31%,140,75%
"2,082",0,"1,179",Watford,983,22%,1.55,0.76,221,57%,267.76,2006/07,32%,135,76%
0,0,0,Watford,0,0%,2.03,0.92,0,0%,0.00,1999/00,0%,0,0%
"2,424",40,573,West Ham United,558,24%,1.72,1.21,330,76%,400.28,2019/20,43%,128,61%
"2,781",48,855,West Ham United,630,24%,1.45,1.37,457,79%,430.47,2018/19,36%,157,54%
"2,990",35,"1,007",West Ham United,732,20%,1.79,1.26,482,76%,378.13,2017/18,36%,133,66%
"2,874",35,"1,074",West Ham United,752,24%,1.68,1.24,614,78%,398.08,2016/17,28%,138,74%
"2,878",49,"1,003",West Ham United,805,27%,1.34,1.71,668,78%,395.55,2015/16,33%,185,74%
"3,036",43,"1,474",West Ham United,968,22%,1.24,1.16,505,75%,357.05,2014/15,31%,152,74%
"2,875",39,"1,401",West Ham United,951,26%,1.34,1.05,404,74%,325.37,2013/14,29%,122,76%
"2,890",39,"1,520",West Ham United,"1,014",27%,1.39,1.18,459,74%,331.39,2012/13,32%,158,75%
"2,637",46,"1,353",West Ham United,814,24%,1.84,1.13,583,76%,351.76,2010/11,30%,174,75%
"2,777",0,"1,623",West Ham United,689,22%,1.74,1.24,755,76%,384.63,2009/10,35%,191,74%
"2,412",0,"1,601",West Ham United,720,26%,1.18,1.11,606,79%,403.05,2008/09,32%,167,76%
"2,307",0,"1,952",West Ham United,910,25%,1.32,1.11,444,74%,362.45,2007/08,31%,154,75%
"2,249",0,"1,232",West Ham United,849,22%,1.55,0.92,233,71%,346.79,2006/07,29%,134,79%
0,0,0,West Ham United,0,0%,1.45,1.37,0,0%,0.00,2005/06,0%,0,0%
0,0,0,West Ham United,0,0%,1.55,1.11,0,0%,0.00,2002/03,0%,0,0%
0,0,0,West Ham United,0,0%,1.50,1.26,0,0%,0.00,2001/02,0%,0,0%
0,0,0,West Ham United,0,0%,1.32,1.18,0,0%,0.00,2000/01,0%,0,0%
0,0,0,West Ham United,0,0%,1.39,1.37,0,0%,0.00,1999/00,0%,0,0%
0,0,0,West Ham United,0,0%,1.39,1.21,0,0%,0.00,1998/99,0%,0,0%
0,0,0,West Ham United,0,0%,1.50,1.47,0,0%,0.00,1997/98,0%,0,0%
0,0,0,West Ham United,0,0%,1.26,1.03,0,0%,0.00,1996/97,0%,0,0%
0,0,0,West Ham United,0,0%,1.37,1.13,0,0%,0.00,1995/96,0%,0,0%
0,0,0,West Ham United,0,0%,1.14,1.05,0,0%,0.00,1994/95,0%,0,0%
0,0,0,West Ham United,0,0%,1.38,1.12,0,0%,0.00,1993/94,0%,0,0%
"2,371",46,514,Wolverhampton Wanderers,579,25%,1.17,1.45,344,79%,430.90,2019/20,32%,118,56%
"2,998",65,824,Wolverhampton Wanderers,622,25%,1.21,1.24,501,78%,437.32,2018/19,32%,152,57%
"1,990",33,"1,178",Wolverhampton Wanderers,999,26%,2.16,1.05,598,76%,391.05,2011/12,32%,152,75%
"2,407",38,"1,205",Wolverhampton Wanderers,"1,104",21%,1.74,1.21,520,72%,390.08,2010/11,30%,139,71%
"2,397",0,"1,618",Wolverhampton Wanderers,940,25%,1.47,0.84,537,68%,342.84,2009/10,27%,119,78%
0,0,0,Wolverhampton Wanderers,0,0%,2.03,1.00,0,0%,0.00,2003/04,0%,0,0%
"3,252",33,978,Cardiff City,562,26%,1.82,0.89,528,64%,269.11,2018/19,30%,126,57%
"2,686",34,"1,268",Cardiff City,792,25%,1.95,0.84,491,76%,368.61,2013/14,30%,124,75%
"2,781",48,971,Fulham,611,23%,2.13,0.89,433,80%,465.76,2018/19,32%,146,61%
"2,665",48,"1,351",Fulham,708,21%,2.24,1.05,499,79%,386.16,2013/14,35%,149,78%
"2,490",39,"1,274",Fulham,733,21%,1.58,1.32,745,82%,445.79,2012/13,35%,160,79%
"2,060",46,"1,005",Fulham,649,22%,1.34,1.26,644,82%,464.97,2011/12,36%,195,77%
"2,676",49,"1,513",Fulham,865,24%,1.13,1.29,668,76%,430.13,2010/11,31%,172,74%
"2,522",0,"1,459",Fulham,727,25%,1.21,1.03,752,74%,434.34,2009/10,31%,144,74%
"2,338",0,"1,632",Fulham,765,23%,0.89,1.03,667,76%,423.89,2008/09,29%,149,73%
"2,182",0,"2,072",Fulham,849,22%,1.58,1.00,466,71%,331.13,2007/08,33%,154,77%
"2,398",0,"1,386",Fulham,895,27%,1.58,1.00,198,65%,311.05,2006/07,31%,142,75%
0,0,0,Fulham,0,0%,1.53,1.26,0,0%,0.00,2005/06,0%,0,0%
0,0,0,Fulham,0,0%,1.58,1.37,0,0%,0.00,2004/05,0%,0,0%
0,0,0,Fulham,0,0%,1.21,1.37,0,0%,0.00,2003/04,0%,0,0%
0,0,0,Fulham,0,0%,1.32,1.08,0,0%,0.00,2002/03,0%,0,0%
0,0,0,Fulham,0,0%,1.16,0.95,0,0%,0.00,2001/02,0%,0,0%
"3,018",27,658,Huddersfield Town,769,22%,2.00,0.58,530,76%,418.47,2018/19,30%,118,60%
"2,978",29,"1,070",Huddersfield Town,765,18%,1.53,0.74,519,74%,393.68,2017/18,30%,109,67%
"3,341",44,"1,164",Stoke City,598,24%,1.79,0.92,461,72%,339.26,2017/18,34%,132,64%
"3,057",46,"1,009",Stoke City,718,24%,1.47,1.08,497,75%,383.11,2016/17,32%,137,71%
"2,718",49,826,Stoke City,683,19%,1.45,1.08,576,79%,430.05,2015/16,31%,128,75%
"3,327",30,"1,159",Stoke City,887,21%,1.18,1.26,496,77%,404.89,2014/15,27%,136,78%
"3,289",44,"1,090",Stoke City,731,25%,1.37,1.18,474,78%,403.26,2013/14,32%,137,75%
"3,441",31,"1,161",Stoke City,855,23%,1.18,0.89,499,70%,323.61,2012/13,29%,114,76%
"2,351",36,"1,910",Stoke City,826,24%,1.39,0.95,461,69%,285.16,2011/12,25%,94,71%
"2,795",44,"1,316",Stoke City,766,25%,1.26,1.21,532,64%,272.34,2010/11,30%,143,72%
"2,758",0,"1,632",Stoke City,661,27%,1.26,0.89,738,63%,271.24,2009/10,28%,113,74%
"2,392",0,"1,555",Stoke City,697,22%,1.45,1.00,574,65%,249.42,2008/09,27%,100,73%
"2,717",25,943,Swansea City,694,20%,1.47,0.74,390,78%,413.71,2017/18,30%,103,68%
"2,709",36,"1,037",Swansea City,864,27%,1.84,1.18,459,79%,424.50,2016/17,36%,145,71%
"2,408",35,"1,058",Swansea City,725,20%,1.37,1.11,679,81%,478.13,2015/16,31%,136,75%
"2,515",45,"1,203",Swansea City,634,21%,1.29,1.21,693,82%,470.45,2014/15,35%,147,76%
"2,434",36,"1,083",Swansea City,902,21%,1.42,1.42,644,85%,555.61,2013/14,32%,161,76%
"2,286",55,"1,353",Swansea City,790,25%,1.34,1.24,697,85%,524.82,2012/13,33%,167,75%
"1,895",41,"1,048",Swansea City,721,22%,1.34,1.16,579,86%,547.24,2011/12,31%,145,72%
"2,862",34,993,West Bromwich Albion,784,25%,1.47,0.82,469,72%,347.84,2017/18,30%,114,64%
"2,581",36,999,West Bromwich Albion,766,23%,1.34,1.13,537,70%,311.18,2016/17,31%,123,71%
"2,755",29,992,West Bromwich Albion,847,23%,1.26,0.89,721,70%,322.68,2015/16,28%,107,72%
"2,607",31,"1,084",West Bromwich Albion,712,22%,1.34,1.00,585,75%,380.13,2014/15,32%,132,73%
"2,774",39,"1,176",West Bromwich Albion,834,24%,1.55,1.13,595,78%,386.95,2013/14,30%,146,78%
"2,497",51,"1,079",West Bromwich Albion,778,24%,1.50,1.39,377,79%,378.08,2012/13,34%,170,78%
"2,101",39,960,West Bromwich Albion,783,25%,1.37,1.18,556,77%,386.61,2011/12,31%,167,76%
"2,282",52,"1,088",West Bromwich Albion,807,22%,1.87,1.47,662,78%,375.05,2010/11,31%,184,74%
"2,250",0,"1,477",West Bromwich Albion,962,21%,1.76,0.95,591,77%,382.05,2008/09,30%,165,70%
0,0,0,West Bromwich Albion,0,0%,1.53,0.82,0,0%,0.00,2005/06,0%,0,0%
0,0,0,West Bromwich Albion,0,0%,1.61,0.95,0,0%,0.00,2004/05,0%,0,0%
0,0,0,West Bromwich Albion,0,0%,1.71,0.76,0,0%,0.00,2002/03,0%,0,0%
"2,425",22,"1,101",Hull City,739,21%,2.11,0.97,573,77%,410.42,2016/17,32%,126,73%
"3,059",27,"1,316",Hull City,804,24%,1.34,0.87,607,76%,391.16,2014/15,31%,131,75%
"2,744",30,"1,048",Hull City,853,24%,1.39,1.00,616,77%,401.76,2013/14,31%,132,75%
"2,688",0,"1,528",Hull City,753,22%,1.97,0.89,674,68%,309.08,2009/10,31%,120,75%
"2,686",0,"1,677",Hull City,930,25%,1.68,1.03,624,68%,310.76,2008/09,31%,149,74%
"3,038",27,"1,090",Middlesbrough,722,22%,1.39,0.71,549,77%,414.11,2016/17,28%,100,73%
"2,354",0,"1,582",Middlesbrough,983,23%,1.50,0.74,607,73%,345.37,2008/09,28%,140,74%
"2,313",0,"2,139",Middlesbrough,960,24%,1.39,1.13,528,71%,321.50,2007/08,30%,152,75%
"2,048",0,"1,243",Middlesbrough,769,22%,1.29,1.16,238,70%,336.29,2006/07,32%,144,78%
0,0,0,Middlesbrough,0,0%,1.53,1.26,0,0%,0.00,2005/06,0%,0,0%
0,0,0,Middlesbrough,0,0%,1.21,1.39,0,0%,0.00,2004/05,0%,0,0%
0,0,0,Middlesbrough,0,0%,1.37,1.16,0,0%,0.00,2003/04,0%,0,0%
0,0,0,Middlesbrough,0,0%,1.16,1.26,0,0%,0.00,2002/03,0%,0,0%
0,0,0,Middlesbrough,0,0%,1.24,0.92,0,0%,0.00,2001/02,0%,0,0%
0,0,0,Middlesbrough,0,0%,1.16,1.16,0,0%,0.00,2000/01,0%,0,0%
0,0,0,Middlesbrough,0,0%,1.37,1.21,0,0%,0.00,1999/00,0%,0,0%
0,0,0,Middlesbrough,0,0%,1.42,1.26,0,0%,0.00,1998/99,0%,0,0%
0,0,0,Middlesbrough,0,0%,1.58,1.34,0,0%,0.00,1996/97,0%,0,0%
0,0,0,Middlesbrough,0,0%,1.32,0.92,0,0%,0.00,1995/96,0%,0,0%
0,0,0,Middlesbrough,0,0%,1.79,1.29,0,0%,0.00,1992/93,0%,0,0%
"2,542",18,"1,170",Sunderland,616,20%,1.82,0.76,543,73%,325.24,2016/17,31%,119,74%
"2,746",37,"1,277",Sunderland,589,22%,1.63,1.26,571,71%,336.82,2015/16,32%,141,76%
"2,682",27,994,Sunderland,687,23%,1.39,0.82,578,76%,380.29,2014/15,32%,130,73%
"2,517",33,903,Sunderland,749,20%,1.58,1.08,414,78%,380.45,2013/14,28%,138,79%
"2,777",28,"1,155",Sunderland,868,20%,1.42,1.08,582,76%,344.97,2012/13,33%,139,77%
"2,232",41,"1,158",Sunderland,864,23%,1.21,1.18,652,75%,366.13,2011/12,31%,141,76%
"2,845",42,"1,291",Sunderland,863,21%,1.47,1.18,694,72%,372.79,2010/11,29%,154,71%
"2,995",0,"1,641",Sunderland,884,23%,1.47,1.26,829,67%,328.66,2009/10,36%,159,72%
"2,618",0,"1,596",Sunderland,985,21%,1.42,0.89,609,74%,372.21,2008/09,30%,144,76%
"2,470",0,"2,051",Sunderland,889,25%,1.55,0.95,650,70%,335.16,2007/08,28%,137,74%
0,0,0,Sunderland,0,0%,1.82,0.68,0,0%,0.00,2005/06,0%,0,0%
0,0,0,Sunderland,0,0%,1.71,0.55,0,0%,0.00,2002/03,0%,0,0%
0,0,0,Sunderland,0,0%,1.34,0.76,0,0%,0.00,2001/02,0%,0,0%
0,0,0,Sunderland,0,0%,1.08,1.21,0,0%,0.00,2000/01,0%,0,0%
0,0,0,Sunderland,0,0%,1.47,1.50,0,0%,0.00,1999/00,0%,0,0%
0,0,0,Sunderland,0,0%,1.39,0.92,0,0%,0.00,1996/97,0%,0,0%
"3,096",43,"1,445",Queens Park Rangers,756,24%,1.92,1.11,561,71%,359.45,2014/15,28%,150,75%
"2,766",33,"1,363",Queens Park Rangers,683,20%,1.58,0.79,660,77%,358.74,2012/13,29%,146,77%
"2,272",32,"1,412",Queens Park Rangers,796,22%,1.74,1.13,547,74%,352.47,2011/12,28%,150,72%
0,0,0,Queens Park Rangers,0,0%,1.50,1.00,0,0%,0.00,1995/96,0%,0,0%
0,0,0,Queens Park Rangers,0,0%,1.40,1.45,0,0%,0.00,1994/95,0%,0,0%
0,0,0,Queens Park Rangers,0,0%,1.45,1.48,0,0%,0.00,1993/94,0%,0,0%
0,0,0,Queens Park Rangers,0,0%,1.31,1.50,0,0%,0.00,1992/93,0%,0,0%
"2,600",33,"1,300",Reading,"1,009",24%,1.92,1.13,560,70%,310.68,2012/13,32%,128,73%
"2,202",0,"1,783",Reading,"1,087",23%,1.74,1.08,452,64%,274.79,2007/08,30%,132,74%
"2,153",0,"1,022",Reading,"1,067",24%,1.24,1.37,277,64%,295.58,2006/07,32%,132,74%
"2,207",43,901,Wigan Athletic,813,22%,1.92,1.24,692,83%,471.76,2012/13,34%,170,78%
"2,040",29,925,Wigan Athletic,744,23%,1.63,1.11,578,80%,413.97,2011/12,31%,162,73%
"2,674",40,"1,196",Wigan Athletic,620,22%,1.61,1.05,763,76%,399.47,2010/11,33%,170,71%
"2,861",0,"1,353",Wigan Athletic,681,24%,2.08,0.97,743,75%,388.24,2009/10,31%,174,72%
"2,848",0,"1,636",Wigan Athletic,943,27%,1.18,0.89,685,72%,324.50,2008/09,28%,163,73%
"2,612",0,"1,837",Wigan Athletic,767,26%,1.34,0.89,531,69%,307.47,2007/08,29%,141,79%
"2,167",0,"1,206",Wigan Athletic,813,24%,1.55,0.97,204,62%,298.76,2006/07,31%,147,77%
0,0,0,Wigan Athletic,0,0%,1.37,1.18,0,0%,0.00,2005/06,0%,0,0%
"2,008",41,"1,328",Blackburn Rovers,610,23%,2.05,1.26,716,73%,326.95,2011/12,32%,143,75%
"2,588",55,"1,521",Blackburn Rovers,821,22%,1.55,1.21,734,65%,294.16,2010/11,30%,135,75%
"2,949",0,"1,557",Blackburn Rovers,752,23%,1.45,1.08,730,64%,310.32,2009/10,33%,161,73%
"2,524",0,"1,649",Blackburn Rovers,865,22%,1.58,1.05,557,71%,353.58,2008/09,31%,148,74%
"2,581",0,"2,065",Blackburn Rovers,883,23%,1.26,1.32,550,74%,359.32,2007/08,35%,185,75%
"2,096",0,"1,095",Blackburn Rovers,911,22%,1.42,1.37,282,72%,369.29,2006/07,32%,155,78%
0,0,0,Blackburn Rovers,0,0%,1.11,1.34,0,0%,0.00,2005/06,0%,0,0%
0,0,0,Blackburn Rovers,0,0%,1.13,0.84,0,0%,0.00,2004/05,0%,0,0%
0,0,0,Blackburn Rovers,0,0%,1.55,1.34,0,0%,0.00,2003/04,0%,0,0%
0,0,0,Blackburn Rovers,0,0%,1.13,1.37,0,0%,0.00,2002/03,0%,0,0%
0,0,0,Blackburn Rovers,0,0%,1.34,1.45,0,0%,0.00,2001/02,0%,0,0%
0,0,0,Blackburn Rovers,0,0%,1.37,1.00,0,0%,0.00,1998/99,0%,0,0%
0,0,0,Blackburn Rovers,0,0%,1.37,1.50,0,0%,0.00,1997/98,0%,0,0%
0,0,0,Blackburn Rovers,0,0%,1.13,1.11,0,0%,0.00,1996/97,0%,0,0%
0,0,0,Blackburn Rovers,0,0%,1.24,1.61,0,0%,0.00,1995/96,0%,0,0%
0,0,0,Blackburn Rovers,0,0%,0.93,1.90,0,0%,0.00,1994/95,0%,0,0%
0,0,0,Blackburn Rovers,0,0%,0.86,1.50,0,0%,0.00,1993/94,0%,0,0%
0,0,0,Blackburn Rovers,0,0%,1.10,1.62,0,0%,0.00,1992/93,0%,0,0%
"2,299",35,"1,255",Bolton Wanderers,769,23%,2.03,1.21,694,72%,357.37,2011/12,33%,163,73%
"3,171",48,"1,466",Bolton Wanderers,850,29%,1.47,1.37,627,67%,334.32,2010/11,30%,173,72%
"3,107",0,"1,638",Bolton Wanderers,875,25%,1.76,1.11,735,64%,300.11,2009/10,29%,163,72%
"2,636",0,"1,880",Bolton Wanderers,853,23%,1.39,1.08,555,64%,280.24,2008/09,32%,154,76%
"2,508",0,"2,166",Bolton Wanderers,905,24%,1.42,0.95,542,68%,311.95,2007/08,33%,149,76%
"2,130",0,"1,037",Bolton Wanderers,942,19%,1.37,1.24,235,65%,326.89,2006/07,30%,120,78%
0,0,0,Bolton Wanderers,0,0%,1.08,1.29,0,0%,0.00,2005/06,0%,0,0%
0,0,0,Bolton Wanderers,0,0%,1.16,1.29,0,0%,0.00,2004/05,0%,0,0%
0,0,0,Bolton Wanderers,0,0%,1.47,1.26,0,0%,0.00,2003/04,0%,0,0%
0,0,0,Bolton Wanderers,0,0%,1.34,1.08,0,0%,0.00,2002/03,0%,0,0%
0,0,0,Bolton Wanderers,0,0%,1.63,1.16,0,0%,0.00,2001/02,0%,0,0%
0,0,0,Bolton Wanderers,0,0%,1.61,1.08,0,0%,0.00,1997/98,0%,0,0%
0,0,0,Bolton Wanderers,0,0%,1.87,1.03,0,0%,0.00,1995/96,0%,0,0%
"2,555",40,"1,261",Birmingham City,784,22%,1.53,0.97,573,72%,369.37,2010/11,30%,121,68%
"2,814",0,"1,499",Birmingham City,736,21%,1.24,1.00,777,68%,356.32,2009/10,34%,155,71%
"2,351",0,"2,145",Birmingham City,774,23%,1.63,1.21,515,64%,279.74,2007/08,35%,143,77%
0,0,0,Birmingham City,0,0%,1.32,0.74,0,0%,0.00,2005/06,0%,0,0%
0,0,0,Birmingham City,0,0%,1.21,1.05,0,0%,0.00,2004/05,0%,0,0%
0,0,0,Birmingham City,0,0%,1.26,1.13,0,0%,0.00,2003/04,0%,0,0%
0,0,0,Birmingham City,0,0%,1.29,1.08,0,0%,0.00,2002/03,0%,0,0%
"2,474",61,"1,616",Blackpool,836,24%,2.05,1.45,451,76%,397.71,2010/11,30%,161,75%
"2,497",0,"1,356",Portsmouth,818,19%,1.74,0.89,681,74%,355.82,2009/10,28%,151,75%
"2,893",0,"1,552",Portsmouth,852,23%,1.50,1.00,653,75%,381.50,2008/09,30%,152,78%
"2,551",0,"2,103",Portsmouth,663,22%,1.05,1.26,521,74%,336.68,2007/08,29%,160,76%
"2,288",0,"1,164",Portsmouth,783,25%,1.11,1.18,220,68%,332.00,2006/07,35%,186,75%
0,0,0,Portsmouth,0,0%,1.63,0.97,0,0%,0.00,2005/06,0%,0,0%
0,0,0,Portsmouth,0,0%,1.55,1.13,0,0%,0.00,2004/05,0%,0,0%
0,0,0,Portsmouth,0,0%,1.42,1.24,0,0%,0.00,2003/04,0%,0,0%
"2,247",0,"2,042",Derby County,804,22%,2.34,0.53,510,67%,309.29,2007/08,31%,116,73%
0,0,0,Derby County,0,0%,1.66,0.87,0,0%,0.00,2001/02,0%,0,0%
0,0,0,Derby County,0,0%,1.55,0.97,0,0%,0.00,2000/01,0%,0,0%
0,0,0,Derby County,0,0%,1.50,1.16,0,0%,0.00,1999/00,0%,0,0%
0,0,0,Derby County,0,0%,1.18,1.05,0,0%,0.00,1998/99,0%,0,0%
0,0,0,Derby County,0,0%,1.29,1.37,0,0%,0.00,1997/98,0%,0,0%
0,0,0,Derby County,0,0%,1.53,1.18,0,0%,0.00,1996/97,0%,0,0%
"2,325",0,"1,483",Charlton Athletic,750,22%,1.58,0.89,340,68%,334.79,2006/07,32%,133,78%
0,0,0,Charlton Athletic,0,0%,1.45,1.08,0,0%,0.00,2005/06,0%,0,0%
0,0,0,Charlton Athletic,0,0%,1.53,1.11,0,0%,0.00,2004/05,0%,0,0%
0,0,0,Charlton Athletic,0,0%,1.34,1.34,0,0%,0.00,2003/04,0%,0,0%
0,0,0,Charlton Athletic,0,0%,1.47,1.18,0,0%,0.00,2002/03,0%,0,0%
0,0,0,Charlton Athletic,0,0%,1.29,1.00,0,0%,0.00,2001/02,0%,0,0%
0,0,0,Charlton Athletic,0,0%,1.50,1.32,0,0%,0.00,2000/01,0%,0,0%
0,0,0,Charlton Athletic,0,0%,1.47,1.08,0,0%,0.00,1998/99,0%,0,0%
0,0,0,Leeds United,0,0%,2.08,1.05,0,0%,0.00,2003/04,0%,0,0%
0,0,0,Leeds United,0,0%,1.50,1.53,0,0%,0.00,2002/03,0%,0,0%
0,0,0,Leeds United,0,0%,0.97,1.39,0,0%,0.00,2001/02,0%,0,0%
0,0,0,Leeds United,0,0%,1.13,1.68,0,0%,0.00,2000/01,0%,0,0%
0,0,0,Leeds United,0,0%,1.13,1.53,0,0%,0.00,1999/00,0%,0,0%
0,0,0,Leeds United,0,0%,0.89,1.63,0,0%,0.00,1998/99,0%,0,0%
0,0,0,Leeds United,0,0%,1.21,1.50,0,0%,0.00,1997/98,0%,0,0%
0,0,0,Leeds United,0,0%,1.00,0.74,0,0%,0.00,1996/97,0%,0,0%
0,0,0,Leeds United,0,0%,1.50,1.05,0,0%,0.00,1995/96,0%,0,0%
0,0,0,Leeds United,0,0%,0.90,1.40,0,0%,0.00,1994/95,0%,0,0%
0,0,0,Leeds United,0,0%,0.93,1.55,0,0%,0.00,1993/94,0%,0,0%
0,0,0,Leeds United,0,0%,1.48,1.36,0,0%,0.00,1992/93,0%,0,0%
0,0,0,Ipswich Town,0,0%,1.68,1.08,0,0%,0.00,2001/02,0%,0,0%
0,0,0,Ipswich Town,0,0%,1.11,1.50,0,0%,0.00,2000/01,0%,0,0%
0,0,0,Ipswich Town,0,0%,2.21,0.86,0,0%,0.00,1994/95,0%,0,0%
0,0,0,Ipswich Town,0,0%,1.38,0.83,0,0%,0.00,1993/94,0%,0,0%
0,0,0,Ipswich Town,0,0%,1.31,1.19,0,0%,0.00,1992/93,0%,0,0%
0,0,0,Bradford City,0,0%,1.84,0.79,0,0%,0.00,2000/01,0%,0,0%
0,0,0,Bradford City,0,0%,1.79,1.00,0,0%,0.00,1999/00,0%,0,0%
0,0,0,Coventry City,0,0%,1.66,0.95,0,0%,0.00,2000/01,0%,0,0%
0,0,0,Coventry City,0,0%,1.42,1.24,0,0%,0.00,1999/00,0%,0,0%
0,0,0,Coventry City,0,0%,1.34,1.03,0,0%,0.00,1998/99,0%,0,0%
0,0,0,Coventry City,0,0%,1.16,1.21,0,0%,0.00,1997/98,0%,0,0%
0,0,0,Coventry City,0,0%,1.42,1.00,0,0%,0.00,1996/97,0%,0,0%
0,0,0,Coventry City,0,0%,1.58,1.11,0,0%,0.00,1995/96,0%,0,0%
0,0,0,Coventry City,0,0%,1.48,1.05,0,0%,0.00,1994/95,0%,0,0%
0,0,0,Coventry City,0,0%,1.07,1.02,0,0%,0.00,1993/94,0%,0,0%
0,0,0,Coventry City,0,0%,1.36,1.24,0,0%,0.00,1992/93,0%,0,0%
0,0,0,Sheffield Wednesday,0,0%,1.84,1.00,0,0%,0.00,1999/00,0%,0,0%
0,0,0,Sheffield Wednesday,0,0%,1.11,1.08,0,0%,0.00,1998/99,0%,0,0%
0,0,0,Sheffield Wednesday,0,0%,1.76,1.37,0,0%,0.00,1997/98,0%,0,0%
0,0,0,Sheffield Wednesday,0,0%,1.34,1.32,0,0%,0.00,1996/97,0%,0,0%
0,0,0,Sheffield Wednesday,0,0%,1.61,1.26,0,0%,0.00,1995/96,0%,0,0%
0,0,0,Sheffield Wednesday,0,0%,1.36,1.17,0,0%,0.00,1994/95,0%,0,0%
0,0,0,Sheffield Wednesday,0,0%,1.29,1.81,0,0%,0.00,1993/94,0%,0,0%
0,0,0,Sheffield Wednesday,0,0%,1.21,1.31,0,0%,0.00,1992/93,0%,0,0%
0,0,0,Wimbledon,0,0%,1.95,1.21,0,0%,0.00,1999/00,0%,0,0%
0,0,0,Wimbledon,0,0%,1.66,1.05,0,0%,0.00,1998/99,0%,0,0%
0,0,0,Wimbledon,0,0%,1.21,0.89,0,0%,0.00,1997/98,0%,0,0%
0,0,0,Wimbledon,0,0%,1.21,1.29,0,0%,0.00,1996/97,0%,0,0%
0,0,0,Wimbledon,0,0%,1.84,1.45,0,0%,0.00,1995/96,0%,0,0%
0,0,0,Wimbledon,0,0%,1.55,1.14,0,0%,0.00,1994/95,0%,0,0%
0,0,0,Wimbledon,0,0%,1.26,1.33,0,0%,0.00,1993/94,0%,0,0%
0,0,0,Wimbledon,0,0%,1.31,1.33,0,0%,0.00,1992/93,0%,0,0%
0,0,0,Nottingham Forest,0,0%,1.82,0.92,0,0%,0.00,1998/99,0%,0,0%
0,0,0,Nottingham Forest,0,0%,1.55,0.82,0,0%,0.00,1996/97,0%,0,0%
0,0,0,Nottingham Forest,0,0%,1.42,1.32,0,0%,0.00,1995/96,0%,0,0%
0,0,0,Nottingham Forest,0,0%,1.02,1.71,0,0%,0.00,1994/95,0%,0,0%
0,0,0,Nottingham Forest,0,0%,1.48,0.98,0,0%,0.00,1992/93,0%,0,0%
0,0,0,Barnsley,0,0%,2.16,0.97,0,0%,0.00,1997/98,0%,0,0%
0,0,0,Oldham Athletic,0,0%,1.62,1.00,0,0%,0.00,1993/94,0%,0,0%
0,0,0,Oldham Athletic,0,0%,1.76,1.50,0,0%,0.00,1992/93,0%,0,0%
0,0,0,Swindon Town,0,0%,2.38,1.12,0,0%,0.00,1993/94,0%,0,0%
